member_casual,weekday,avg_duration
casual,Sun,36.922870436649966
casual,Mon,33.10394491129785
casual,Tue,31.283533834586468
casual,Wed,33.01831501831502
casual,Thu,26.76613475177305
casual,Fri,31.206643472498342
casual,Sat,35.3068209500609
member,Sun,14.91439708939709
member,Mon,12.869115890083632
member,Tue,13.091666666666667
member,Wed,13.880504714364948
member,Thu,12.586914715719063
member,Fri,13.135294924554184
member,Sat,15.489911218724778
